timestamp_pt,artist,song,reason
2025-08-15T19:53:11.428833-07:00,John Lennon & The Plastic Ono Band,Instant Karma!,not_found
2025-08-15T19:53:15.107740-07:00,Berliner Philharmoniker,Symphony no. 35 in D major, K. 385 "Haffner": III. Minuetto,not_found
2025-08-15T19:53:16.802211-07:00,Fiona Apple,The Whole of the Moon,not_found
2025-08-15T19:53:30.156753-07:00,Sharon Van Etten & The Attachment Theory,Southern Life,not_found
2025-08-15T19:53:40.974160-07:00,Peter Gabriel & Kate Bush,Don’t Give Up,not_found
2025-08-15T19:53:45.844453-07:00,Errol Eats Everything feat. Isaac Sawyer,Don’t Matter None,not_found
2025-08-15T19:53:46.431133-07:00,Damian Lazarus feat. Zoé Kypri,So Low,not_found
2025-08-15T19:53:47.732552-07:00,Massive Attack feat. Young Fathers,Voodoo in My Blood,not_found
2025-08-15T19:53:48.357320-07:00,John Glacier feat. Sampha,Ocean Steppin’,not_found
2025-08-15T19:53:48.935572-07:00,Maribou State feat. Andreya Triana,All I Need,not_found
2025-08-15T19:53:49.152501-07:00,ODESZA feat. Bettye LaVette,The Last Goodbye,not_found
2025-08-15T19:53:50.155462-07:00,Moby feat. Jim James,Porcelain,not_found
2025-08-15T19:53:50.378233-07:00,Emancipator, Sigur Rós & Mobb Deep,Shook,not_found
2025-08-15T19:53:50.623733-07:00,Zeds Dead,Channel Flipping,not_found
2025-08-15T19:53:50.839314-07:00,Damien Jurado,John in the Morning,not_found
2025-08-15T19:53:56.259936-07:00,Sharon Van Etten & The Attachment Theory,Afterlife,not_found
2025-08-15T19:54:04.260695-07:00,The Marr Smiths,John in the Morning Theme,not_found
2025-08-15T19:54:05.965718-07:00,Megan Jasper (Sub Pop CEO),Memories of The Gits and Seattle in the early 90s,not_found
2025-08-15T19:54:09.254541-07:00,Matt Pinfield,His Last Day on WHTG in New Jersey,not_found
2025-08-15T19:54:10.704850-07:00,Wax Audio,Careless Rebel,not_found
2025-08-15T19:54:10.942449-07:00,The Mountain Goats & Quad City DJ’s,This Year/Space Jam Theme,not_found
2025-08-15T19:54:11.222318-07:00,Bill McClintock,Whip My Lonely, Dark Heart,not_found
2025-08-15T19:54:11.742835-07:00,Kylie Minogue, INXS,Need You Tonight,not_found
2025-08-15T19:54:11.953866-07:00,Mint Royale feat. Posdnuos,Show Me,not_found
2025-08-15T19:54:46.882129-07:00,Deep Sea Diver feat. Madison Cunningham,Let Me Go,not_found
2025-08-15T19:54:55.695565-07:00,Love Spit Love,How Soon Is Now?,not_found
2025-08-15T19:55:02.603349-07:00,Chuck D vs. Ticc-Tacc feat. Ambersunshower,War,not_found
2025-08-15T19:55:04.362639-07:00,Clinton Fearon,John in the Morning,not_found
2025-08-15T19:55:08.806963-07:00,John "in The Morning" Richards,Intro-ing IDLES in the most hilarious way possible,not_found
2025-08-15T19:55:11.056108-07:00,The Clash,On Their Origins as a Band,not_found
2025-08-15T19:55:13.344389-07:00,Renegade Soundwave,The Phantom, It's in There,not_found
2025-08-15T19:55:14.235506-07:00,Rage Against The Machine,White Riot,not_found
2025-08-15T19:55:14.466037-07:00,Tom Morello (Rage Against The Machine),Inducting The Clash,not_found
2025-08-15T19:55:16.100325-07:00,Willy Williams,Armigedeon Time,not_found
2025-08-15T19:55:17.035314-07:00,The Clash & Ranking Roger,Rock the Casbah,not_found
2025-08-15T19:55:19.040641-07:00,The London Punkharmonic Orchestra,White Riot,not_found
2025-08-15T19:55:33.032797-07:00,Sharon Van Etten & The Attachment Theory,Live Forever,not_found
2025-08-15T19:55:40.401745-07:00,King Gizzard & the Lizard Wizard,Swan Song (live) GIFT Remix,not_found
2025-08-15T19:55:47.129690-07:00,David Byrne and Choir! Choir! Choir!,Heroes,not_found
2025-08-15T19:56:04.158707-07:00,Mint Royale, Queen and David Bowie (sort of),Show Me Pressure Queen!,not_found
2025-08-15T19:56:06.001116-07:00,Stereo Total,Love With the 3 of Us,not_found
2025-08-15T19:56:08.915242-07:00,Eagle Seagull,I'm Sorry, But I'm Beginning to Hate Your Face,not_found
2025-08-15T19:56:23.727357-07:00,Ray Charles,What’d I Say, Parts 1 and 2,not_found
2025-08-15T19:56:28.961657-07:00,Telepop Musik,Breathe,not_found
2025-08-15T19:56:35.149090-07:00,Damien Jurado & Gathered in Song,Paperwings,not_found
2025-08-15T19:56:35.721612-07:00,Brandon Summers,You Are Not Alone,not_found
2025-08-15T19:56:36.483766-07:00,Anthony Michael Hall,Dear Mr. Vernon,not_found
2025-08-15T19:56:48.196451-07:00,Robert Ascroft feat. Guy Blakeslee,Weightless,not_found
2025-08-15T19:56:55.017773-07:00,Perfume Genius feat. Aldous Harding,No Front Teeth,not_found
2025-08-15T19:57:03.659646-07:00,The Jazz at Lincoln Center Orchestra with Wynton Marsalis featuring Yacub Addy and Odadaa!,Ring Shout,not_found
2025-08-15T19:57:03.867724-07:00,Janelle Monae f. Wondaland Records,HELL YOU TALMBOUT,not_found
2025-08-15T19:57:09.615093-07:00,Adorable,Homeboy,not_found
2025-08-15T19:57:20.495029-07:00,Roberta Flack with Donny Hathaway,Where Is the Love,not_found
2025-08-15T19:57:41.722409-07:00,The Andrew Oldham Orchestra,The Last Time,not_found
2025-08-15T19:57:42.381267-07:00,The Staple Singers,This May Be My Last Time,not_found
2025-08-15T19:57:46.195713-07:00,The Specials,Pressure Drop,not_found
2025-08-15T19:57:55.441653-07:00,Gene Hackman,Brick quote,not_found
2025-08-15T19:57:55.722073-07:00,XTC,The Mayor of Simpleton,not_found
2025-08-15T19:57:56.381034-07:00,Little Simz feat. Obongjayar & Moonchild Sanelly,Flood,not_found
2025-08-15T19:57:57.018309-07:00,DJ Shadow feat. De La Soul,Rocket Fuel,not_found
2025-08-15T19:57:59.609338-07:00,Tony Allen & La BOA feat. N. Hardem,TARIFA PLENA,not_found
2025-08-15T19:58:06.161464-07:00,George Michael with Queen,Somebody to Love,not_found
2025-08-15T19:58:12.043198-07:00,Modest Mouse,Styrofoam Boots / It’s All Nice on Ice, Alright,not_found
2025-08-15T19:58:17.993230-07:00,Suzanne Vega feat. Joe Jackson on piano,Left of Center,not_found
2025-08-15T19:58:18.516694-07:00,Mint Royale feat. Posdnuos,Show Me,not_found
2025-08-15T19:58:35.238903-07:00,Errol Eats Everything feat. Isaac Sawyer,Don’t Matter None,not_found
2025-08-15T19:58:36.664033-07:00,Maribou State feat. Holly Walker,Otherside,not_found
2025-08-15T19:58:37.533161-07:00,Waxahatchee feat. MJ Lenderman,Right Back to It,not_found
2025-08-15T19:58:41.705581-07:00,ABBA (Björn, Benny, Agnetha & Frida),Waterloo,not_found
2025-08-15T19:58:42.226955-07:00,Beastie Boys feat. Santigold,Don’t Play No Game That I Can’t Win,not_found
2025-08-15T19:58:45.305784-07:00,They Might Be Giants,Morning Show Theme,not_found
2025-08-15T19:58:46.955438-07:00,Brak,What Day Is It?,not_found
2025-08-15T19:58:56.933857-07:00,Soul II Soul feat. Caron Wheeler,Back to Life,not_found
2025-08-15T19:58:58.693178-07:00,Chromatics feat. Ida No,Ceremony,not_found
2025-08-15T19:59:00.728044-07:00,Chris Hughes (Producer), Roland Orzabal (Songwriter), Ian Stanley (synth),The Story Behind Everybody Wants to Rule The World,not_found
2025-08-15T19:59:04.202039-07:00,Clayton Farris and Steph Barkley,Bae, Don't Bro' Me, Bruh,not_found
2025-08-15T19:59:17.776998-07:00,INXS,Need You Tonight & Mediate,not_found
2025-08-15T19:59:20.448562-07:00,A Flock of Seagulls with Prague Philharmonic Orchestra,Space Age Love Song,not_found
2025-08-15T19:59:23.551351-07:00,Haircut One Hundred,Love Plus One,not_found
2025-08-15T19:59:25.453616-07:00,Steve Mason,Dry The Rain,not_found
2025-08-15T19:59:26.383626-07:00,Kavinsky feat. Tyson,First Blood,not_found
2025-08-15T19:59:42.171779-07:00,George Michael,I Want Your Sex, Parts 1 & 2,not_found
2025-08-15T19:59:45.330385-07:00,John Lennon & Plastic Ono Band,Imagine,not_found
2025-08-15T19:59:51.050211-07:00,Karen O and the Kids,All Is Love,not_found
2025-08-15T19:59:51.266559-07:00,Mister Rogers,Seattle Special Olympics,not_found
2025-08-15T19:59:54.481503-07:00,The Miraculous Love Kids,Atmosphere/Heroes Featuring Beth Gibbons,not_found
2025-08-15T19:59:54.707030-07:00,The Silverlake Conservatory of Music Youth Chorale,Space Oddity,not_found
2025-08-15T19:59:55.397692-07:00,Sesame Street,Kermit and Joey Say the Alphabet,not_found
2025-08-15T19:59:59.375848-07:00,Bill McClintock,SLAY-52s - Raining Lobsters,not_found
2025-08-15T19:59:59.636115-07:00,William Maranci,For Whom the Bell Tolls but It’s All I Want for Christmas,not_found
2025-08-15T19:59:59.855215-07:00,Javier Moreno,Bang Your Head,not_found
2025-08-15T20:00:03.663703-07:00,Tom McGovern,Jack and Diane but most of the lyrics are "suckin' on a chili dog",not_found
2025-08-15T20:00:28.915736-07:00,Sharon Van Etten & The Attachment Theory,Somethin’ Ain’t Right,not_found
2025-08-15T20:00:39.018415-07:00,Run the Jewels feat. Greg Nice & DJ Premier,ooh la la,not_found
2025-08-15T20:00:46.995852-07:00,Neutral Milk Hotel,The King of Carrot Flowers Pts. Two & Three,not_found
2025-08-15T20:00:47.235509-07:00,Neutral Milk Hotel,The King of Carrot Flowers Pt. One,not_found
2025-08-15T20:00:56.404801-07:00,The Avalanches feat. Leon Bridges,Interstellar Love,not_found
2025-08-15T20:01:08.556371-07:00,Ewan McGregor,It's a Sh*te State of Affairs,not_found
2025-08-15T20:01:15.432717-07:00,Anthony Michael Hall,Dear Mister Vernon...,not_found
2025-08-15T20:01:42.451772-07:00,Sera Cahoone,The Morning Show Theme Song,not_found
2025-08-15T20:01:53.514593-07:00,DNA feat. Suzanne Vega,Tom’s Diner,not_found
2025-08-15T20:01:59.233300-07:00,Angus in the morning,Would it Kill You To Play Some Rod Stewart?,not_found
2025-08-15T20:02:00.635696-07:00,Flying Mojito Bros feat. Scott Hirsch,Wild Mountain Honey,not_found
2025-08-15T20:02:11.327949-07:00,Moby feat. Víkingur Ólafsson,God Moving Over the Face of the Waters,not_found
2025-08-15T20:02:19.502607-07:00,John Cusack, Jack Black, etc,Top 5 opening tracks,not_found
2025-08-15T20:02:31.834333-07:00,Andrea (mom) Booker (kid),The Morning Show Theme,not_found
2025-08-15T20:03:03.070434-07:00,Jane’s Addiction,Rock 'n' Roll,not_found
2025-08-15T20:03:09.340867-07:00,Steve Queralt feat. Emma Anderson,Lonely Town,not_found
2025-08-15T20:03:12.990022-07:00,The Fatima Mansions,Blues for Ceauseseu,not_found
2025-08-15T20:03:27.119829-07:00,Mos Def,Quiet Dog,not_found
2025-08-15T20:03:29.751724-07:00,Soul II Soul feat. Caron Wheeler,Back to Life,not_found
2025-08-15T20:03:40.717337-07:00,Baby Dayliner feat. Alex Sanchez,You Push, I'll Go,not_found
2025-08-15T20:03:50.665390-07:00,Lili Taylor,Joe Lies,not_found
2025-08-15T20:03:50.875270-07:00,Prom Queen,JOE LIES,not_found
2025-08-15T20:03:51.107547-07:00,Prom Queen,STRANGER PEAKS,not_found
2025-08-15T20:03:55.314656-07:00,Citizen Dick,Negative Energy Makes Me Stronger,not_found
2025-08-15T20:03:56.117836-07:00,Mark Lanegan & Cold Cave,Isolation,not_found
2025-08-15T20:03:57.221825-07:00,John Cale,All My Friends,not_found
2025-08-15T20:04:02.099363-07:00,Matthew Sweet and Susanna Hoffs,And Your Bird Can Sing,not_found
2025-08-15T20:04:02.355479-07:00,Eddie Vedder,Blackbird,not_found
2025-08-15T20:04:05.279751-07:00,DJ Shadow,Lonely Soul,not_found
2025-08-15T20:04:06.556751-07:00,The Bangles,We Belong,not_found
2025-08-15T20:04:10.178508-07:00,David Byrne & Choir! Choir! Choir!,Heroes,not_found
2025-08-15T20:04:10.798072-07:00,Annie Lennox & David Bowie,Under Pressure,not_found
2025-08-15T20:04:11.793631-07:00,Sharon Van Etten w/ Shearwater,Stop Draggin' My Heart Around,not_found
2025-08-15T20:04:13.784319-07:00,Eddie Vedder & Zeke,Daytime Dilemma,not_found
2025-08-15T20:04:16.759112-07:00,The Avalanches feat. Denzel Curry, Tricky & Sampa the Great,Take Care in Your Dreaming,not_found
2025-08-15T20:04:21.645350-07:00,Couch Riffs,HIGHWAYMAN feat. Mark Lanegan, Ben Gibbard, Isaac Brock & Duff McKagan,not_found
2025-08-15T20:04:23.318216-07:00,Alice Mudgarden,Right Turn,not_found
2025-08-15T20:04:28.312276-07:00,Broken Social Scene,Kennel District,not_found
2025-08-15T20:04:28.888927-07:00,Kelley Stoltz,Rescue,not_found
2025-08-15T20:04:29.940050-07:00,Danger Mouse,What More Can I Say,not_found
2025-08-15T20:04:30.941152-07:00,Prince & Beyonce,Purple rain, Baby I'm a Star, Crazy In Love, Let's Go Crazy,not_found
2025-08-15T20:04:34.065409-07:00,Yannis & the Yaw feat. Tony Allen,Rain Can’t Reach Us,not_found
2025-08-15T20:04:34.999796-07:00,Fontaines D.C.,Gouge Away,not_found
2025-08-15T20:04:36.409985-07:00,Death Cab for Cutie and The Postal Service,Enjoy the Silence,not_found
2025-08-15T20:04:39.160680-07:00,Kurt Cobain,Hearing Love Buzz played on KCMU (KEXP) for the first time,not_found
2025-08-15T20:04:41.769772-07:00,Phish,Scarlet Begonias,not_found
2025-08-15T20:05:00.756157-07:00,Shawn Smith,Purple Rain/Chloe Dancer,not_found
2025-08-15T20:05:05.309488-07:00,M|A|R|R|S,Pump Up the Voume,not_found
2025-08-15T20:05:12.828203-07:00,Barry Can’t Swim with O’Flynn,Kimpton,not_found
2025-08-15T20:05:19.757234-07:00,Beyoncé feat. Kendrick Lamar,Freedom,not_found
2025-08-15T20:05:24.232335-07:00,Clinton Fearon,Morning Show ID,not_found
2025-08-15T20:05:33.166692-07:00,My Life With the Thrill Kill Kult,A Daisy Chain for Satan,not_found
2025-08-15T20:05:34.139623-07:00,Theo Croker feat. D’LEAU,we still wanna dance,not_found
2025-08-15T20:05:42.456352-07:00,Madness,Our House (sing along into original) super secret special Morning Show remix,not_found
2025-08-15T20:05:45.268605-07:00,Kylie & INXS,Need You Tonight,not_found
2025-08-15T20:06:11.004638-07:00,The KLF,3 A.M. Eternal,not_found
2025-08-15T20:06:11.581483-07:00,Miki Berenyi Trio x Lol Tolhurst x Gray,Stranger,not_found
2025-08-15T20:06:12.015184-07:00,Mike Peters,40,not_found
2025-08-15T20:06:12.782354-07:00,The Flaming Lips with Stardeath and White Dwarfs,Borderline,not_found
2025-08-15T20:06:33.482082-07:00,Joey and Kermit Sing The Alphabet,ABCDEF Cookie Monster,not_found
2025-08-15T20:06:34.110932-07:00,Mister Rogers,Fred Rogers Accepts the Lifetime Achievement Award,not_found
2025-08-15T20:06:35.038007-07:00,The Great Gonzo,I'm Going to Go Back There Someday,not_found
2025-08-15T20:06:36.021153-07:00,Kermit the Frog feat. Fozzie Bear,Movin’ Right Along,not_found
2025-08-15T20:06:36.717572-07:00,Mister Rogers,Defending $20 million in federal funding,not_found
2025-08-15T20:06:58.098236-07:00,Duran Duran & John Barry,A View to a Kill,not_found
2025-08-15T20:07:14.463613-07:00,Esther Rose ft. Video Age,tailspin,not_found
2025-08-15T20:07:16.595430-07:00,Straitjacket Fits,Down in Splendour,not_found
2025-08-15T20:07:23.802078-07:00,The Heads feat. Johnette Napolitano,Damage I've Done,not_found
2025-08-15T20:07:50.267517-07:00,Charles Cross Friends & Family,Singing Nirvana's Something in The Way,not_found
2025-08-15T20:07:54.957728-07:00,Imperial Teen,You're One,not_found
2025-08-15T20:08:07.920688-07:00,Röyksopp feat. Fever Ray & Trentemøller,What Else Is There?,not_found
2025-08-15T20:08:12.870816-07:00,Sea Lemon feat. Benjamin Gibbard,Crystals,not_found
2025-08-15T20:08:17.822705-07:00,Car Seat Headrest,This Must Be The Place (Talking Heads Cover) w/ Naked Giants,not_found
2025-08-15T20:08:24.490082-07:00,Ian of Nation of Language Fame,Thank You John, Sub Pop and The KEXP Community,not_found
2025-08-15T20:08:44.763075-07:00,Tracy Chapman,Talking About a Revolution,not_found
2025-08-15T20:08:54.509015-07:00,Haircut One Hundred,Favourite Shirts,not_found
2025-08-15T20:08:55.676125-07:00,L’Éclair ft. Gelli Haha,RUN,not_found
2025-08-15T20:09:21.597828-07:00,Mark Lanegan + Cold Cave,Isolation,not_found
2025-08-15T20:09:25.585488-07:00,The Lumineers,Live on the Morning Show from Reel To Reel Haven in Brooklyn,not_found
2025-08-15T20:09:44.063586-07:00,The Stone Roses,Fools Gold 4.15,not_found
2025-08-15T20:09:52.586203-07:00,Our Pal Sera Cahoone,Morning Show Theme,not_found
2025-08-15T20:09:53.917423-07:00,Smashing Pumpkins,Daydream / I’m Going Crazy,not_found
2025-08-15T20:10:06.625007-07:00,Brandon Summers Explains "You Are Not Alone",You are not alone,not_found
2025-08-15T20:10:09.131245-07:00,Jeff Buckley, Elizabeth Fraser,All Flowers in Time Bend Towards the Sun,not_found
2025-08-15T20:10:37.131148-07:00,Röyksopp feat. Susanne Sundfør,Running To The Sea,not_found
2025-08-15T20:10:52.585158-07:00,Gilligan Moss feat. Pollena,Do It for Yourself,not_found
2025-08-15T20:11:00.541804-07:00,The Earaches,The Morning Show Theme,not_found
2025-08-15T20:11:03.650152-07:00,Land Of Echo feat. Kathy Diamond,What We Want,not_found
2025-08-15T20:11:04.004695-07:00,Feiertag feat. Jono McCleery,Lost Spirit,not_found
2025-08-15T20:11:04.765581-07:00,HAAi feat. Jon Hopkins, Obi Franky, ILA & Trans Voices,Satellite,not_found
2025-08-15T20:11:11.296057-07:00,ODESZA feat. Ólafur Arnalds,Light Of Day,not_found
2025-08-15T20:11:16.165312-07:00,Brian Eno and David Byrne,Regiment,not_found
2025-08-15T20:11:26.253599-07:00,2Pac feat. Dr. Dre,California Love,not_found
2025-08-15T20:11:27.489295-07:00,Los Illegals,El Lay (L.A.) En Espanol,not_found
2025-08-15T20:11:28.050737-07:00,The Plugz,El clavo y la cruz,not_found
2025-08-15T20:11:31.265133-07:00,Sea Lemon feat. Benjamin Gibbard,Crystals,not_found
2025-08-15T20:11:32.480297-07:00,Alan Sparhawk with Trampled by Turtles,Too High,not_found
2025-08-15T20:11:56.235372-07:00,Tears for Fears,The Making of Everybody Wants to Rule The World,not_found
2025-08-15T20:11:56.460744-07:00,London City Voices,Everybody Wants to Rule The World,not_found
2025-08-15T20:11:59.035761-07:00,Little Simz feat. Michael Kiwanuka & Yussef Dayes,Lotus,not_found
2025-08-15T20:12:08.870855-07:00,Elton John,Rocket Man (I Think It’s Going to Be a Long, Long Time) VOCALS ONLY,not_found
2025-08-15T20:12:22.550126-07:00,Little Simz feat. Obongjayar,Lion,not_found
2025-08-15T20:12:23.577349-07:00,David Bowie,Never Play to The Gallery,not_found
2025-08-15T20:12:31.710184-07:00,ODESZA feat. Naomi Wild,Higher Ground,not_found
2025-08-15T20:12:42.489291-07:00,Bono & Gavin Friday,In the Name of the Father,not_found
2025-08-15T20:12:44.025503-07:00,Miki Berenyi Trio x Lol Tolhurst x Gray,Stranger,not_found
2025-08-15T20:13:00.882677-07:00,Theo Croker feat. Malaya & D’LEAU,high vibrations,not_found
2025-08-15T20:13:02.621565-07:00,Loretta Lynn feat. Jack White,Portland, Oregon,not_found
2025-08-15T20:13:34.641340-07:00,Little Simz feat. Obongjayar & Moonchild Sanelly,Flood,not_found
2025-08-15T20:13:35.875594-07:00,L’Éclair ft. girl named GOLDEN,THE GLITCH,not_found
2025-08-15T20:13:36.474241-07:00,Catching Flies feat. Fejká,Iajo,not_found
2025-08-15T20:13:46.849653-07:00,Sedona feat. Claud,She’s So Pretty,not_found
2025-08-15T20:13:52.750869-07:00,DJ Shadow feat. Run the Jewels,Nobody Speak,not_found
2025-08-15T20:13:53.103562-07:00,Wugazi,Killa Hill,not_found
2025-08-15T20:14:01.884046-07:00,OP8,If I Think of Love,not_found
2025-08-15T20:14:02.461012-07:00,Iron & Wine feat. I’m With Her,Robin's Egg,not_found
2025-08-15T20:14:04.120990-07:00,Sera Cahoone,Morning Show Theme,not_found
2025-08-15T20:14:39.549790-07:00,The Plastic Ono Band,Give Peace a Chance,not_found
2025-08-15T20:15:06.467270-07:00,Blood Orange feat. The Durutti Column, Tariq Al-Sabir, Caroline Polachek & Daniel Caesar,The Field,not_found
2025-08-15T20:15:17.172514-07:00,Jay Som feat. Jim Adkins,Float,not_found
2025-08-15T20:15:24.651595-07:00,Land Of Echo feat. Ayana Homma,Lean Into Your Own Breath,not_found
2025-08-15T20:15:25.383567-07:00,MTV,The Produced Intro to Live Aid,not_found
2025-08-15T20:15:36.563593-07:00,Justice vs. Simian,We Are Your Friends,not_found
2025-08-15T20:15:41.074522-07:00,Alan Sparhawk with Trampled by Turtles,Get Still,not_found
2025-08-15T20:15:43.902814-07:00,Mudhoney,Judgment, Rage, Retribution and Thyme,not_found
2025-08-15T20:15:56.504152-07:00,Blothar the Berserker of GWAR,Protect My Public Media,not_found
2025-08-15T20:16:15.156408-07:00,Vagabon,Flood Hands,not_found
2025-08-15T20:16:31.843596-07:00,Jeff Buckley & Elizabeth Fraser,All Flowers in Time Bend Towards the Sun,not_found
2025-08-15T20:16:40.379622-07:00,Brian Jackson & Masters At Work feat. Black Thought,The Revolution Will Not Be Televised,not_found
2025-08-15T20:16:43.813839-07:00,ODESZA feat. Julianna Barwick,This Version of You,not_found
2025-08-15T20:16:45.494506-07:00,Ozzy Osbourne,His Last Words Live,not_found
2025-08-15T20:16:47.818025-07:00,Brownout presents Brown Sabbath,Supernaut,not_found
2025-08-15T20:17:01.659659-07:00,Bill McClintock,Killing in the Name of a Terrible Holy Lie,not_found
2025-08-15T20:17:11.166397-07:00,Bob Marley & The Wailers with LP Giobbi,Could You Be Loved,not_found
2025-08-15T20:17:11.489453-07:00,Bill McClintock,Killing in the Name of a Terrible Holy Lie,not_found
2025-08-15T20:17:16.179436-07:00,Kronos Quartet feat. Allison Russell, Asha Bhosle & Willie Nelson,Hard Rain,not_found
2025-08-15T20:17:25.895153-07:00,Pixies,I Can't Forget,not_found
2025-08-15T20:18:08.449260-07:00,The Voom Blooms,Thoughts of Rena,not_found
2025-08-15T20:18:21.560142-07:00,Lee Hazlewood,If It's a Monday Morning,not_found
2025-08-15T20:18:48.279188-07:00,Kylie Minogue (left side) & INXS (right side),Need You Tonight,not_found
2025-08-15T20:18:57.824702-07:00,Salt‐N‐Pepa,I Desire,not_found
2025-08-15T20:18:58.169394-07:00,Queen Latifah feat. Monie Love,Ladies First,not_found
2025-08-15T20:18:59.255528-07:00,?uestlove,DJ Kool Herc Births Hip Hop, PLUS the history of scratching n more,not_found
2025-08-15T20:19:02.859244-07:00,Lola (age 2),Saying a new word,not_found
2025-08-15T20:19:42.692505-07:00,Dr. Amy Lindsey,The Morning Show Theme,not_found
2025-08-15T20:19:46.942919-07:00,King Gizzard & The Lizard Wizard,Gila Monster,not_found
2025-08-15T20:19:47.164699-07:00,Yeah Yeah Yeahs,Spitting Off The Edge Of The World feat. Perfume Genius,not_found
2025-09-02T07:14:51.504241-07:00,Marvin Gaye with Tammi Terrell,Ain't No Mountain High Enough,not_found
2025-09-03T07:15:17.029258-07:00,The True Loves,Listening to John in The Morning,not_found
2025-09-03T09:17:42.781930-07:00,George Michael,Waiting for That Day / You Can’t Always Get What You Want,not_found
2025-09-03T09:41:00.138613-07:00,Passenger String Quartet featuring Andrew Joslyn,You'll Never Walk Alone,not_found
2025-09-11T08:30:18.118611-07:00,Chromatics,Shadows,not_found
2025-09-11T09:38:13.774645-07:00,Elbow,Running to Stand Still,not_found
2025-09-12T07:45:14.873177-07:00,Matt Berninger,Blue Monday,not_found
2025-09-12T08:43:38.771648-07:00,Gorillaz feat. Sparks,The Happy Dictator,not_found
2025-09-17T07:15:11.129824-07:00,My Bloody Valentine,Soon,not_found
2025-09-23T07:39:23.839942-07:00,World News,Everything is Coming Up Roses,not_found
2025-09-25T08:33:55.761149-07:00,The Cure,Harold and Joe,not_found
2025-09-25T09:56:20.601723-07:00,The Cure,Love Will Tear Us Apart,not_found
2025-09-30T08:54:28.216822-07:00,Ya Tseen feat. dreamcastmoe,Perfect Combo,not_found
2025-10-07T07:22:19.574458-07:00,Bob Dylan with Johnny Cash,Girl From the North Country,not_found
2025-10-07T07:53:55.606686-07:00,Sylvan Esso,Uncatena,not_found
2025-10-07T08:34:54.802039-07:00,Jamie xx feat. Romy,Loud Places,not_found
2025-10-15T09:16:12.621120-07:00,The Chemical Brothers feat. Q‐Tip,Galvanize,not_found
2025-10-17T07:35:48.899195-07:00,Bob Mould,Smooch For Kids Announce,not_found
2025-10-17T07:46:42.835641-07:00,Brainwasher feat. Spaceface,Burning Cars,not_found
2025-10-17T09:41:32.312532-07:00,Brandi Carlile,Mad World,not_found
2025-10-20T07:14:44.236108-07:00,Dr. Amy Lindsey,Morning Show Theme,not_found
2025-10-20T09:22:04.350422-07:00,The Avalanches feat. Rivers Cuomo & Pink Siifu,Running Red Lights,not_found
2025-10-20T09:56:07.508916-07:00,Tomo Nakayama feat. Tiny Vipers,With the Radio On,not_found
2025-10-21T09:46:40.100875-07:00,Car Seat Headrest,This Must be the Place,not_found
2025-10-23T07:40:15.899298-07:00,Daniel Avery w/ Julie Dawson,⁠The Ghost of Her Smile,not_found
2025-10-23T08:54:19.448748-07:00,Billy Idol,White Wedding, Part 1,spotify_http_502
2025-11-03T07:56:22.909468-08:00,Michael Andrews feat. Gary Jules,Mad World,not_found
2025-11-06T09:55:17.970763-08:00,Daniel Avery w/ Cecile Believe,Rapture in Blue,not_found
2025-11-11T08:48:10.319518-08:00,Soundgarden with Brandi Carlile, Taylor Momsen, Mike McCready, and Jerry Cantrell,Black Hole Sun,not_found
2025-11-11T08:48:10.834132-08:00,Bill McClintock,Peter Gabriel and Sly & the Family Stone - "Thank You (Falettinme Be Your Sledgehammer)",not_found
2025-11-13T07:36:49.232109-08:00,David Bazan,Dave Reads Nick Cave Note on Grief,not_found
2025-11-17T09:44:48.297843-08:00,Dear Boy feat. Rocket,After All,not_found
2025-11-18T09:34:55.405955-08:00,Boy Deluxe,EAT YOU ALIVE,not_found
2025-11-18T09:34:55.804848-08:00,The Twilight Sad featuring Robert Smith,WAITING FOR THE PHONE CALL,not_found
2025-11-19T08:49:04.130946-08:00,Avalon Emerson & the Charm,Eden,not_found
2025-11-20T09:54:05.272219-08:00,Primal Scream,Rise,not_found
2025-11-21T08:43:21.584966-08:00,Zeds Dead,Channel Flipping 2,not_found
2025-12-03T07:57:36.649721-08:00,Hemi Hemingway feat. Vera Ellen,Oh, My Albertine,not_found
2025-12-03T09:54:35.522766-08:00,Beck and Bat for Lashes,Let's Get Lost,not_found
2025-12-04T07:26:56.241019-08:00,Terry Lee Hale,Dead Is Dead,not_found
2025-12-04T07:57:42.696800-08:00,Geese,You Get What You Give,not_found
2025-12-04T08:31:46.796936-08:00,Fashion Brigade feat. Esya,Annie, I Wish You’d Quit Drinking,not_found
2025-12-04T09:44:16.267128-08:00,KNEECAP ft. Sub Focus,No Comment,not_found
2025-12-05T08:48:26.228794-08:00,Sampa the Great feat. Mwanjé,Can’t Hold Us,not_found
2025-12-05T09:55:31.385269-08:00,Merry Clayton & The Rolling Stones,Gimme Shelter,not_found
2025-12-12T09:38:07.276949-08:00,Matt & Kim feat. De La Soul,Daylight,not_found
2025-12-16T07:49:26.231065-08:00,Spiritual Cramp feat. Sharon Van Etten,You've Got My Number,not_found
2026-01-05T09:56:14.591182-08:00,De La Soul feat. Jay Pharoah & Gareth Donkin,Just How It Is,not_found
2026-01-06T09:46:45.537039-08:00,The Five Techniques, Roisin El Cherif & Paul Weller,Resistance in the Dark,not_found
2026-01-06T09:46:45.977540-08:00,Gorillaz feat. Omar Souleyman and Yasiin Bey,Damascus,not_found
2026-01-07T08:24:26.138512-08:00,Jesse Welles feat. Joan Baez,No Kings,not_found
2026-01-08T07:20:42.413520-08:00,David Bowie,Question re/Ashes to Ashes,not_found
2026-01-08T07:48:14.511442-08:00,David Bowie,On the end of Ziggy,not_found
2026-01-08T07:48:15.802977-08:00,David Bowie,Bowie Explains Getting The Spiders From Mars to wear the risque outfits,not_found
2026-01-08T07:48:16.448900-08:00,David Bowie,Explains Ziggy Stardust,not_found
2026-01-08T08:46:02.652582-08:00,David Bowie,On working with John Lennon,not_found
2026-01-08T08:46:03.213353-08:00,John Lennon,On making the song "Fame" with one David Bowie,not_found
2026-01-09T08:52:09.517967-08:00,De La Soul feat. Nas,Run It Back!!,not_found
